Sliding in aan 120 km/h ğŸª½,74.9K,241,3378,2322
Frozone ahh move
	FrğŸ¤£
First to a redbull video????
	wanna reward?
	Yep
	nope!
	Yeah
	Want a cookie?
bro looks like he'd ice skating
	heâ€™s not itâ€™s water, itâ€™s not even frozen
	Bro never said he thought he was ice skating, he said it looks like he wasâ€¦
	he said ice skating but that would be water skiing
	Okay but he still means that he THINKS that heâ€™s ice skating?
	why would he think that if its water
	Bro take the L
If it sponsored by redbull there's a chance of Death
â€œitâ€™s a bird! itâ€™s a plane! no- itâ€™s redull!â€ ahh landing
We got red bull frozone before gta 6
	Underrated coment
Nah, itâ€™s reversed
red bull always doing the craziest coolest things ğŸ˜­
Does RedBull gives you wings?
Red Bull doing everything but making drinks
Wowwwwww amazing
Second to a Redbull video ???
	wanna reward?
	Yh please mate
Now let's see the slowmo
65th to a Red Bull video???
When i was young i thought red bull is a drink, now im thinking red bull ain't a drink
Imagine i redbull made drinks
can you give me some red bull?
What has redbull not done?
Ay... red bull gives u wings ğŸ˜‚ğŸ¤£
I was worried until I saw RedBull ğŸ¤£
51 to redbull video
7h to a redbull video (pretty cool video)
6th to a redbull video (oh yeah that guy was cool to)
Itâ€™s true redbull gives you wings ğŸ’€
I swear redbull is the only reason Iâ€™m up in the mornings
Redbull always doing some crazy stuff
Red bull gives you wings
64th to q redbull video
Red bull really does give you wings
What is redbull even about ğŸ’€ğŸ˜­
For I have touched the sky, and walked on water.
imagine theres drift wood and just completely gores his leg and it gets ripped off ğŸ˜‚
Yeah I can do that first try no training ğŸ‘
Dang bro I thought you were gonna get wrecked
I offen dream my feet across lake surface like a bird,wonderful feeling
My ankle wouldâ€™ve torn off
My confidence tells me I could do this
got a great anime idea now ğŸ¤£
ONCE
Michael Jackson OUW!
I could it just give me a chance
the toe dipğŸ˜³ğŸ˜³ğŸ˜³
@augustusbouse i want to be this cool ğŸ˜”
AYY FROZONE!
I thought it was sped up at first
Spider-Man 2 water surfing irl
how much do yall pay for things like this
bro almost blew his legs out getting close to the gravel
Frozone be like
chills ğŸ’€
Bro sounded like a jet comin in HOLY
THIS IS THE GARAGE
I don't need coffee in the morning just show me this video
I just need cooler friends first
Frozone
WHERES MY SUPER SUIT type video
Where is this at?
Im early??
Whatâ€™s 120 km/h in freedom units?
Because thatâ€™s what it sounds like and thatâ€™s a move that they doâ€¦
	What do you mean ?
When mom says you can get McDonaldâ€™s when u walk on water
Now that is aura
So coolğŸ˜³
How does one realize they can do this ğŸ¤”
now my socks wet
1000000 auras
	ğŸ˜…ğŸ˜‚ğŸ˜‚ğŸ˜‚
+1m aura
Ñƒ Ñ€ĞµĞ´Ğ±ÑƒĞ»Ğ»Ğ° Ğ²ÑĞµ ÑÑ‚Ğ°Ğ±Ğ¸Ğ»ÑŒĞ½Ğ¾
cuando ves que trae logo de redbull bye bye ğŸ˜¬ el top del top
Ğ°, Ğ½Ñƒ ĞµÑĞ»Ğ¸ Ñ€ÑĞ´ Ğ±ÑƒĞ»Ğ», Ñ‚Ğ¾ 100% Ğ²Ñ‹Ğ¶Ğ¸Ğ²ĞµÑ‚
Carrera de buses carrera de busseeeeeeees
aura infini
Ù‡Ø§Ø°Ø§ Ø§Ù„Ø¨Ù†Ù‚ Ø¹Ù†Ø¯Ù‡ 20 Ù†Ø²ÙˆÙ„ Ø³Ø±ÙŠØ¹ ğŸ™ƒğŸ™ƒğŸ™ƒğŸ™ƒ
lek wedi lek
bro was the main karakter
Ğ½Ğ¾Ğ²Ğ¾Ğµ Ğ²Ñ€ĞµĞ¼Ñ Ğ² Ğ°Ğ½Ğ³Ğ»Ğ¸Ğ¹ÑĞºĞ¾Ğ¼ ÑĞ·Ñ‹ĞºĞµ?
Parece un nuevo deporte patinaje sobre el agua ğŸ˜‚ğŸ˜‚ğŸ˜‚ sÃºper bien
ÑÑ‚ Ğ½Ğ° ÑƒĞ±Ğ¾Ñ€Ñ‰Ğ¸ĞºĞ°?
El que sabe, sabe ğŸ˜ğŸ˜ğŸ˜
báº¡n dÃ¡m chÆ¡i, redbull dÃ¡m chi
Red bull c'est un autre monde ğŸ‘ŒğŸ¥°
pro
Ğ½Ğ¸Ñ‡ĞµĞ³Ğ¾ Ğ½Ğµ Ğ¾Ğ±Ñ‹Ñ‡Ğ½Ğ¾Ğ³Ğ¾
Ğ° Ğ²Ğ¾Ğ´Ğ° ÑÑ‚Ğ°Ğ½ĞµÑ‚ Ğ²Ğ¸Ğ½Ğ¾Ğ¼?
Ğ·Ğ°Ğ·ĞµĞ¼Ğ»Ğ¸Ğ»ÑÑ
Ğ½Ñƒ ĞµÑĞ»Ğ¸ Ñ€ĞµĞ´ Ğ±ÑƒĞ» Ñ‚Ğ¾ Ñ‚Ğ¾Ğ³Ğ´Ğ° Ğ»Ğ°Ğ´Ğ½Ğ¾
Ğ•ĞœĞĞ ĞĞ Ğ¢ĞĞš Ğ‘Ğ«Ğ¡Ğ¢Ğ Ğ ĞŸĞ Ğ˜Ğ—Ğ•ĞœĞ›Ğ¯Ğ›Ğ¡Ğ§
ĞœĞ½Ğµ ĞºĞ°Ğ¶ĞµÑ‚ÑÑ Ñ€ÑĞ´ Ğ‘ÑƒĞ»Ğ» Ğ¿Ñ€Ğ¾Ğ¸Ğ·Ğ²Ğ¾Ğ´Ğ¸Ñ‚ ÑĞ²ĞµÑ€Ñ…Ğ»ÑĞ´ĞµĞ¹, ÑĞ½ĞµÑ€Ğ³ĞµÑ‚Ğ¸Ğº - Ğ¿Ñ€Ğ¸ĞºÑ€Ñ‹Ñ‚Ğ¸Ğµ
ĞºÑ€Ğ°ÑĞ°Ğ²Ñ‡Ğ¸Ğº
RAAAAğŸ¦…ğŸ¦…ğŸ¦…ğŸ¦…
Ğ¾ĞºĞµĞ¹, Ğ¿Ğ¾Ğ½ÑĞ», Ğ¿Ñ€Ğ¸Ğ½ÑĞ», Ğ²Ğ¾Ñ‚ Ğ¾Ñ‚ĞºÑƒĞ´Ğ° Ğ±Ñ€Ğ°Ğ»Ğ°ÑÑŒ Ğ¸Ğ´ĞµÑ Ğ´Ğ»Ñ Ğ±ĞµĞ³Ğ° Ğ°Ğ½Ğ¸Ğ¼Ğµ Ñ‚ÑĞ½Ğ¾Ñ‡ĞµĞº
Ğ¼Ğ¸Ğ»ĞµĞ½ÑŒĞºĞ¾, Ğ ĞµĞ´ Ğ‘ÑƒĞ»Ğ» ÑÑ‚Ğ°Ğ±Ğ¸Ğ»ĞµĞ½
ĞºĞ°Ğº Ğ¿Ñ€Ğ¾Ñ‡Ğ½Ğ¾ ÑĞ¸Ğ´Ğ¸Ñ‚ Ğ¾Ğ±ÑƒĞ²ÑŒ
Ğ° ÑÑ‚Ğ¾ Ñ€ĞµĞ´Ğ±ÑƒĞ»Ğ», Ñ Ğ´ÑƒĞ¼Ğ°Ğ» Ñ€Ğ°Ğ½Ğ´Ğ¾Ğ¼ Ñ‡ĞµĞ»
ÑĞ°Ğ¼Ğ¾Ğµ Ğ±ĞµĞ·Ğ¾Ğ¿Ğ°ÑĞ½Ğ¾Ğµ Ñ‡Ñ‚Ğ¾ Ğ¾Ğ½Ğ¸ Ğ´ĞµĞ»Ğ°Ğ»Ğ¸
lac montiond
ÑƒĞ²Ğ¸Ğ´ĞµĞ» Ğ½Ğ¸Ğº = Ğ´ĞµÑ„Ğ¾Ğ»Ğ´
ÑĞ°Ğ¼Ğ¾Ğµ ÑĞ°Ğ¼Ğ¾Ğµ Ğ»Ñ‘Ğ³ĞºĞ¾Ğµ Ğ·Ğ°Ğ´Ğ°Ğ½Ğ¸Ğµ Ñ€ĞµĞ´Ğ±ÑƒĞ»Ğ°
ĞºĞ°Ğº ÑĞ²ÑÑ‚Ğ¾Ğ¹
+1000000000 aura
çº¢ç‰›ç»™ä½ èµåŠ©çš„å§
Ñ€Ğ°Ğ·Ğ¼Ğ¸Ğ½ĞºĞ°
Waw
ÑÑ‚Ğ¾ ÑÑ‚Ğ°Ğ¶Ñ‘Ñ€ ĞµÑ‰Ğµ
time to another side quest to my life
how do you even get good at something like this
His toenails are gone. Lol
He looked like a swan landing ğŸ˜‚
dudes got swan landing activated
what an absolute G. excuse me???
How Frozone slid up on Syndrome
Ñ„Ğ»ĞµÑˆ Ğ»ÑƒÑ‡ÑˆĞµ
What if you stub your toe
come to define gravity ğŸ˜‚
@Kevin
	JoooooğŸ˜³
I like it! ğŸ˜
ğŸ˜„ğŸ˜„ğŸ˜„
50 40 30 20 10 Butter
ğŸ¤©ğŸ¤©ğŸ¤©amazing
ğŸ¤­ğŸ¤­ğŸ¤­
ğŸ˜ğŸ˜ğŸ˜
ğŸ”¥ğŸ¤¯ğŸ‘ğŸ¼
Son nom est Aura
Ich in gta
fehlt nor noch eine Wand oder ein Zaun
	Bruder Laterne
	digga werde von Fallschirm SprÃ¼ngen Ã¶fter gekillt als von griefern ğŸ’€
Wie co robi , jest moc brawo ! ğŸ˜ƒ
ğŸ˜³ğŸ˜³ğŸ’¯ğŸ’¯ğŸ‘
El paracaÃ­das parece de jugete
ğŸ˜³ğŸ˜³ğŸ˜³
âœŒï¸âœŒï¸âœŒï¸
ğŸ¤©ğŸ¤©ğŸ¤©ğŸ¤©
ğŸ’¯ğŸ’¯ğŸ’¯ğŸ‘ğŸ‘ğŸ‘ğŸ‘
@Ú’ğ˜¢âŸ†ğÕ¼
ğŸ’•ğŸ’•ğŸ’•
ğŸ˜
Dâ€™oÃ¹ le slogan ( Redbul donne des ailes)
ğŸ¥°ğŸ¥°ğŸ¥°
third to a RedBull video ????
Fourth to a redbull video????
Dude!
60th to a redbull vidğŸ˜³ğŸ˜³
54th to a redbull video?
Excuse me sir but thatâ€™s is a video not a picture
Pulling up to a wedding like this
I think I have been Here where is it?
I was freaking out at first
Alright, now your just showing off. ğŸ˜
Frozone?
how to snap ya leg 102
please repost my post ğŸ¥º
Mfs pulling Gs on a gliderâ˜ ï¸
i recommande rb to make some energy drinks maybe
Chinese kung fu. Floating on the water
What an amazing skill man
How many likes now?
red Bull te da AlasğŸ˜
Ã©pico
çº¯çœŸäººç²‰ åƒç²‰50 ä¸‡ç²‰400å¯å¼€é€šç›´æ’­æ©±çª—ä¸­è§†é¢‘ä¸å½±å“è´¦å·æƒé‡ ä¸é™æµ
bravooooo
Ğ¾Ğ´Ğ¸Ğ½ ÑˆĞ°Ğ³ Ğ´Ğ¾ Ñ‚Ğ³Ğº
Ğ½Ğµ Ğ½Ğ°Ğ¿Ğ¸ÑĞ°Ğ½Ğ¾, Ñ‡Ñ‚Ğ¾ Ğ²Ñ‹Ğ¿Ğ¾Ğ»Ğ½ĞµĞ½Ñ‹ Ğ¿Ñ€Ğ¾Ñ„ĞµÑÑĞ¸Ğ¾Ğ½Ğ°Ğ»Ğ°Ğ¼Ğ¸- Ğ¿Ğ¾Ğ¹Ğ´Ñƒ Ğ¿Ğ¾Ğ²Ñ‚Ğ¾Ñ€ÑÑ‚ÑŒ
Ğ¹Ğ¾Ğ±Ğ°Ğ½Ğ¸ Ğ¸ÑÑƒÑ
Ğ² ÑĞ¼Ñ‹ÑĞ»Ğµ, Ğ¼ĞµĞ½Ñ Ğ±ĞµĞ· Ğ¼Ğ¾ĞµĞ³Ğ¾ Ñ€Ğ°Ğ·Ñ€ĞµÑˆĞµĞ½Ğ¸Ñ ÑĞ½ÑĞ»Ğ¸
ĞšĞ°ĞºÑ‚Ğ¾ Ğ±ĞµĞ·Ğ¾Ğ¿Ğ°ÑĞ½Ğ¾ Ğ´Ğ»Ñ Ñ€ĞµĞ´Ğ±ÑƒĞ»Ğ»
Bro coulda said 60mph. You do remember who we are right?ğŸ¦…ğŸ¦…ğŸ‡ºğŸ‡¸ğŸ‡ºğŸ‡¸
red bull taste like shit . totally money laundering scam company. ğŸ˜‚
â€œRed Bull gives you wingsâ€
Redbull out there really saying: Jesus who?
Jesus was sponsored by red bull
Like swan
where's the pic
Thatâ€™s one way to get auraâ€¦
I am gay
You can be cool be you will never be this cool
Alright ya goose
humans are so fucking cool
People crazy
ok violet evergarden
Mohg beating the allegations
smooth like jiffy ğŸ¥œ
They be doing anything but making drink vids
red bull te da alas
Ğ Ğ¼Ğ¾Ğ³ Ğ½Ğ¾Ğ³Ğ¸ Ğ¿ĞµÑ€ĞµĞ»Ğ¾Ğ¼Ğ°Ñ‚ÑŒ
Ğ½Ñƒ Ğ±Ğ»Ñ ÑÑ‚Ğ¾ Ğ´Ğ°Ğ¶Ğµ Ğ½Ğ° Ñ‰Ñ€Ğ¸Ñ‚ĞµĞ»Ñ Ğ½Ğµ Ñ‚ÑĞ½ĞµÑ‚
Ğ¾Ğ½Ğ¸ ÑÑ‚Ğ°Ğ½Ğ¾Ğ²ÑÑ‚ÑÑ ÑĞ»Ğ°Ğ±Ñ‹Ğ¼Ğ¸ Ñ‚Ğ°Ğº ĞºĞ°Ğº ÑƒĞ¶Ğµ ÑÑ‚Ğ¾ Ğ´ĞµĞ»Ğ°ÑÑ‚ Ñ Ğ¿Ğ°Ñ€Ğ°ÑˆÑÑ‚Ğ¾Ğ¼
Ğ˜Ğ¸ÑÑƒÑ?
karizma bir iniÅŸğŸ¤”
Eso es aterrizar con estilo bÃ©lico jaja
jÃ©sus ?
Ğ˜Ğ¸ÑÑƒÑ
ÑƒĞ±Ğ¾Ñ€Ñ‰Ğ¸Ğº?
Cuando se desliza por el agua ni de coÃ±as va a 120kmh ğŸ¤£ğŸ¤£
